{"cameraMode":{"drawMode":0,"name":"Shaded","section":"Shading Mode"},"sceneLighting":false,"audioPlay":false,"sceneViewState":{"m_AlwaysRefresh":false,"showFog":true,"showSkybox":true,"showFlares":true,"showImageEffects":true,"showParticleSystems":true,"showVisualEffectGraphs":true,"m_FxEnabled":true},"in2DMode":false,"pivot":{"x":0.21723711490631104,"y":0.5096109509468079,"z":0.15812397003173829},"rotation":{"x":0.2669677138328552,"y":0.3640187084674835,"z":-0.10973642766475678,"w":0.8855729699134827},"size":1.6425637006759644,"orthographic":true}